<?xml version="1.0" encoding="UTF-8"?>
<project-private xmlns="http://www.netbeans.org/ns/project-private/1">
    <editor-bookmarks xmlns="http://www.netbeans.org/ns/editor-bookmarks/2" lastBookmarkId="0"/>
    <open-files xmlns="http://www.netbeans.org/ns/projectui-open-files/2">
        <group>
            <file>file:/C:/Users/Mustaeen%20Awan/Desktop/cafe-assignment/src/Customer.java</file>
            <file>file:/C:/Users/Mustaeen%20Awan/Desktop/cafe-assignment/src/Coffee.java</file>
            <file>file:/C:/Users/Mustaeen%20Awan/Desktop/cafe-assignment/src/PaymentStrategy.java</file>
            <file>file:/C:/Users/Mustaeen%20Awan/Desktop/cafe-assignment/src/MenuDisplay.java</file>
            <file>file:/C:/Users/Mustaeen%20Awan/Desktop/cafe-assignment/src/Menu.java</file>
            <file>file:/C:/Users/Mustaeen%20Awan/Desktop/cafe-assignment/src/PaymentService.java</file>
            <file>file:/C:/Users/Mustaeen%20Awan/Desktop/cafe-assignment/src/Items.java</file>
            <file>file:/C:/Users/Mustaeen%20Awan/Desktop/cafe-assignment/src/OrderItem.java</file>
            <file>file:/C:/Users/Mustaeen%20Awan/Desktop/cafe-assignment/src/Employee.java</file>
            <file>file:/C:/Users/Mustaeen%20Awan/Desktop/cafe-assignment/src/MenuAction.java</file>
            <file>file:/C:/Users/Mustaeen%20Awan/Desktop/cafe-assignment/src/Billing.java</file>
            <file>file:/C:/Users/Mustaeen%20Awan/Desktop/cafe-assignment/src/Bakery.java</file>
            <file>file:/C:/Users/Mustaeen%20Awan/Desktop/cafe-assignment/src/OrderManager.java</file>
            <file>file:/C:/Users/Mustaeen%20Awan/Desktop/cafe-assignment/src/staff.java</file>
            <file>file:/C:/Users/Mustaeen%20Awan/Desktop/cafe-assignment/src/JavaCafe.java</file>
            <file>file:/C:/Users/Mustaeen%20Awan/Desktop/cafe-assignment/src/RatingService.java</file>
        </group>
    </open-files>
</project-private>
